{"LED.416": 0.061016378786788165, "LED.312": 0.3287863844908786, "LED.098": 0.7624139086873097, "LED.239": 0.2049190184626198, "LED.238": 0.27823985623846165, "LED.231": 0.12201075562346281, "LED.230": 0.2773353829643611, "LED.233": 0.171894616056314, "LED.232": 0.3129001281421758, "LED.235": 0.44383149188636106, "LED.234": 0.04160993590642484, "LED.237": 0.39673066743022867, "LED.236": 0.3344696657390134, "LED.011": 0.4354929954958711, "LED.010": 0.4951063040999459, "LED.013": 0.11394605811999421, "LED.012": 0.25044173956996335, "LED.015": 0.19877199000231774, "LED.014": 0.11350758303024137, "LED.017": 0.4041460281155671, "LED.016": 0.32502286173008105, "LED.150": 0.27401810850765607, "LED.151": 0.3247407152735453, "LED.152": 0.10750091502860665, "LED.153": 0.420108838473597, "LED.154": 0.4495542884445493, "LED.155": 0.04043009867199646, "LED.156": 0.07997292703472625, "LED.157": 0.09327436922920582, "LED.093": 0.4596068769337185, "LED.319": 0.12810427630218368, "LED.305": 0.665797089438666, "LED.304": 0.09582436371128251, "LED.307": 0.11138112951739924, "LED.306": 0.09850961490364091, "LED.301": 0.4309005545221226, "LED.300": 0.26728949845945527, "LED.303": 0.31833454726234783, "LED.302": 0.5366849800599593, "LED.309": 0.06332911731452691, "LED.308": 0.10641608928424914, "LED.408": 0.5460157798341165, "LED.409": 0.38909774787067575, "LED.402": 0.30407363043993035, "LED.403": 0.21843352771761773, "LED.400": 0.3208869841309642, "LED.401": 0.4087985951818187, "LED.406": 0.16893316466227393, "LED.407": 0.24559811129374184, "LED.404": 1.5362488256611702, "LED.405": 0.7780184972362787, "LED.120": 0.012144926590986316, "LED.279": 0.12821525039079132, "LED.278": 0.09131571074368557, "LED.275": 0.30456862391629996, "LED.274": 0.40218421972906865, "LED.277": 0.21157575978012952, "LED.276": 0.2194131797872516, "LED.271": 0.5557323814662734, "LED.270": 0.5219605187894257, "LED.273": 0.44668114740296894, "LED.272": 0.5166702423097849, "LED.479": 0.32717300815351763, "LED.478": 0.16664958449652736, "LED.477": 0.07746771724040197, "LED.476": 0.03706519599050358, "LED.475": 0.06706997861057723, "LED.474": 0.08391811765160198, "LED.473": 0.06108961619235853, "LED.472": 0.07380095042578004, "LED.471": 0.17380579545098263, "LED.470": 0.45966111426679584, "LED.297": 0.029467643758159714, "LED.296": 0.07947377472812378, "LED.295": 0.0864903908784091, "LED.294": 0, "LED.293": 0.5053075488020589, "LED.292": 0.2660446728516897, "LED.291": 0.23122026290330072, "LED.290": 0.26166952630506074, "LED.356": 0.15046052465386317, "LED.357": 0.24089118036965923, "LED.354": 0.17447693046990365, "LED.355": 0.19227056846823243, "LED.352": 0.1608944089570367, "LED.353": 0.17130569938917906, "LED.350": 0.18188669578481687, "LED.351": 0.1891182117258089, "LED.159": 0.16882887701154103, "LED.121": 0.07184090059453017, "LED.158": 0.1502401119286757, "LED.123": 0.16267178087791392, "LED.122": 0.24493810949452627, "LED.125": 0.21910356360349498, "LED.124": 0.19850253099486442, "LED.127": 0.4169208580609127, "LED.126": 0.3103976297741928, "LED.129": 1.0741780396286542, "LED.128": 0.7662161319326464, "LED.055": 0.34811655440430284, "LED.054": 0.2441374133003112, "LED.057": 0.17165708994558188, "LED.056": 0.293878048956869, "LED.198": 0.1607942706942256, "LED.199": 0.13669717422871594, "LED.053": 0.3143574027995175, "LED.018": 0.4856473035384817, "LED.194": 0.35244541325427836, "LED.195": 1.00520101581701, "LED.196": 1.295145541931086, "LED.197": 0.5505229654111039, "LED.059": 0.18522601285905615, "LED.191": 0.5094305851466482, "LED.192": 0.37366883664336953, "LED.193": 0.258611027011194, "LED.341": 0.2070532596120356, "LED.069": 0.8690297269629922, "LED.433": 0.6082597928690139, "LED.432": 0.54143634070253, "LED.431": 0.3085843221354726, "LED.430": 0.15312387069638453, "LED.437": 0.24566692828114053, "LED.436": 0.35739021624248385, "LED.435": 0.5444205796931247, "LED.434": 0.6514169386988234, "LED.439": 0.2299585810423791, "LED.438": 0.2179447827473311, "LED.060": 0.4643912702965992, "LED.348": 0.25965656035861523, "LED.051": 0.4423387231895255, "LED.050": 0.20357716921724067, "LED.052": 0.6187639308966619, "LED.226": 0.09968294538734442, "LED.227": 0.04649004890277795, "LED.224": 0.005118446904733731, "LED.225": 0.07418265864257902, "LED.222": 0.0016982419067570209, "LED.223": 0.006690688104876598, "LED.220": 0.1479940924756582, "LED.221": 0.18524556925740032, "LED.385": 0.13091467542225999, "LED.384": 0.5922901158114131, "LED.387": 0.9337998696326282, "LED.386": 0.7187884478153667, "LED.381": 0.22621806691897486, "LED.380": 0.3047082077865635, "LED.383": 0.19373646168160463, "LED.229": 0.1946822053073496, "LED.367": 0.3400865285516264, "LED.366": 0.4084769626805611, "LED.365": 0.36942306832336563, "LED.364": 0.4185994541723589, "LED.363": 0.36468377062580004, "LED.362": 0.2893138528306489, "LED.008": 0.2796187822356613, "LED.009": 0.45114562496358646, "LED.006": 0.04083542211255818, "LED.007": 0.11234726243894043, "LED.004": 0.407152752356899, "LED.005": 0.24938130351949192, "LED.002": 0.23178837379154374, "LED.003": 0.29580787138647996, "LED.369": 0.2711458504387542, "LED.001": 0.12908255507496708, "LED.099": 0.5771340996981381, "LED.313": 0.25201196996653946, "LED.310": 0.041183593432214775, "LED.311": 0.1331665873177033, "LED.316": 1.0775750119838563, "LED.317": 2.2422557708788853, "LED.314": 0.009220959077634176, "LED.315": 0.03532140012910956, "LED.091": 0.5218186022586845, "LED.090": 0.5577075039596896, "LED.318": 0.3709781469952822, "LED.092": 0.7790275426458498, "LED.095": 0.43056056211182275, "LED.094": 0.6682082880766211, "LED.097": 0.5315280777391584, "LED.096": 0.4111619740152041, "LED.165": 0.11167363440541019, "LED.164": 0.31828107637794384, "LED.167": 0.20191830156497498, "LED.166": 0.19750316312657884, "LED.161": 0.049502466779621224, "LED.160": 0.3288279350391522, "LED.163": 0.11507782127010305, "LED.162": 0.09475744634473506, "LED.169": 0.163920767187606, "LED.168": 0, "LED.268": 0.5004039936526166, "LED.269": 0.4970250144755859, "LED.262": 0.007726940043640991, "LED.263": 0, "LED.260": 0.6132847591835309, "LED.261": 0.4186284134337781, "LED.266": 0.45901160109377204, "LED.267": 0.559895742119908, "LED.264": 0, "LED.265": 0.6110251632798185, "LED.468": 0.12457503348153394, "LED.469": 0.07572469440566704, "LED.464": 0.19961993843535691, "LED.465": 0.15075733224894772, "LED.466": 0.23399820767163887, "LED.467": 0.13266315885378513, "LED.460": 0.6719538088213803, "LED.461": 0.2099665803662053, "LED.462": 0.1362135470957679, "LED.463": 0.1982967909092738, "LED.284": 0.23046310486896296, "LED.285": 0.1940973561324727, "LED.329": 0.21689970494276745, "LED.287": 0.015113957078713519, "LED.280": 0.8593746502212389, "LED.281": 0.6516966500509999, "LED.282": 0.365294463454126, "LED.283": 0.27324518045313895, "LED.323": 1.4917823082027528, "LED.322": 0.06364131590281098, "LED.321": 0.2537613266897979, "LED.320": 0.18826089456469874, "LED.327": 0.2218887560160529, "LED.289": 0.20001164182348583, "LED.325": 0.08715312058961865, "LED.324": 0.6665450932164753, "LED.219": 0.03336635465333176, "LED.218": 0.14815333388408372, "LED.217": 0.15603131502256015, "LED.216": 0.20009652148949164, "LED.215": 0.28245188492005235, "LED.214": 0.15700885831966885, "LED.213": 0.15150046982589974, "LED.212": 0.2786157101567458, "LED.211": 0.3890713788919584, "LED.210": 0.12850253663203126, "LED.037": 0.1373954432283905, "LED.036": 0.2329351291398786, "LED.035": 0.17031793073513204, "LED.034": 0.08378972278012266, "LED.033": 0.09368117544860279, "LED.032": 0.13639133897700634, "LED.138": 0, "LED.139": 0.34463474550019896, "LED.136": 0.3452672648226532, "LED.137": 0.49080421870597973, "LED.134": 0.4684340506280542, "LED.135": 0.42336822938651947, "LED.132": 0.2813126895700865, "LED.398": 0.5591148957128338, "LED.130": 0.11073994713012703, "LED.038": 0.12579767232171746, "LED.250": 0.6245549675351966, "LED.042": 0.10007409565576614, "LED.043": 0.09562480175069486, "LED.040": 0.20831345191990047,